"Carimbo de data/hora","Eu amo quando ela faz esse tipo de conteúdo","Finalmente fez algo de útil né problema","Enigma simples, mas interessante","Quando eu cobro o imposto as pessoas também fazem caretas :)","Lamentável essa atitude.","Depois querem o apoio da população, mas como ???","Mas aí uma casa eles fazem churrasco todo dia com som alto, choose your poison","😯😯😯 Ah, é isso então... 🏃‍♂️🏃‍♂️","Pela lógica de vocês o único que compensa é comprar um quarteirão inteiro...","Apoiar? Pode pedir qualquer coisa?","No futuro será que teremos uma queda brusca de funcionários bons","Fiz de Guanabara e foi bem tranquilo","Caralho, esse sub tá cada vez pior","Verme asqueroso 🤮","A mão invisível, visível.","O maior pump da história!","Lembrando que as crypto moedas são para dar bypass no governo, estado e sistemas de controle.","Que legal, um detalhe com curiosidade :D 
Alias, adorei seu cabelo, mas seus olhos me chamam bastante atenção O.O","Ache o que quiser 
O que não dá é pro cara postar um vídeo recheado de mentiras.

Pelo visto você não sabe nem o que é lixo","bom dia amg","Eita! Já está assim? Hahaha"
"2025/06/02 10:36:29 AM GMT-3","Felicidade","Raiva","Neutro","Raiva","Nojo","Raiva","Raiva","Surpresa","Raiva","Surpresa","","Neutro","Raiva","Nojo","Neutro","Felicidade","","Felicidade","Raiva","Felicidade","Surpresa"
"2025/06/02 10:43:26 AM GMT-3","Felicidade","Surpresa","Neutro","Neutro","Tristeza","Raiva","Raiva","Surpresa","Raiva","Neutro","Neutro","Neutro","Raiva","Nojo","Neutro","Surpresa","Neutro","Felicidade","Raiva","Neutro","Surpresa"
"2025/06/02 10:45:01 AM GMT-3","Felicidade","Raiva","Neutro","Raiva","Tristeza","Raiva","Raiva","Nojo","Raiva","Surpresa","Medo","Neutro","Tristeza","Nojo","Tristeza","Felicidade","Neutro","Felicidade","Raiva","Neutro","Surpresa"
"2025/06/02 11:33:58 AM GMT-3","Felicidade","Raiva","Surpresa","Neutro","Tristeza","Raiva","Raiva","Neutro","Neutro","Neutro","Medo","Felicidade","Raiva","Nojo","Neutro","Felicidade","Neutro","Felicidade","Raiva","Neutro","Felicidade"
"2025/06/02 11:50:35 AM GMT-3","Felicidade","Raiva","Surpresa","Raiva","Tristeza","Raiva","Raiva","Tristeza","Raiva","Surpresa","Medo","Neutro","Raiva","Nojo","Tristeza","Felicidade","Neutro","Felicidade","Raiva","Tristeza","Surpresa"
"2025/06/02 11:57:31 AM GMT-3","Felicidade","Tristeza","Neutro","Raiva","Tristeza","Surpresa","Felicidade","Surpresa","Surpresa","Neutro","Tristeza","Neutro","Raiva","Nojo","Surpresa","Felicidade","Neutro","Medo","Medo","Felicidade","Felicidade"
"2025/06/02 12:01:25 PM GMT-3","Felicidade","Nojo","Neutro","Neutro","Nojo","Raiva","Raiva","Surpresa","Neutro","Neutro","Medo","Neutro","Raiva","Nojo","Neutro","Surpresa","Neutro","Felicidade","Raiva","Felicidade","Surpresa"
"2025/06/02 12:27:58 PM GMT-3","Felicidade","Raiva","Surpresa","Raiva","Tristeza","Raiva","Raiva","Medo","Nojo","Surpresa","Medo","Neutro","Raiva","Nojo","Neutro","Surpresa","Neutro","Felicidade","Nojo","Neutro","Surpresa"
"2025/06/02 12:50:06 PM GMT-3","Felicidade","Surpresa","Neutro","Neutro","Nojo","Raiva","Nojo","Surpresa","Raiva","Neutro","Neutro","Neutro","Raiva","Nojo","Neutro","Neutro","Felicidade","Felicidade","Raiva","Felicidade","Felicidade"
"2025/06/02 12:52:23 PM GMT-3","Felicidade","Raiva","Surpresa","Neutro","Tristeza","Raiva","Raiva","Neutro","Neutro","Surpresa","Neutro","Neutro","Raiva","Nojo","Raiva","Felicidade","Neutro","Surpresa","Raiva","Felicidade","Surpresa"
"2025/06/02 1:09:35 PM GMT-3","Felicidade","Nojo","Surpresa","Neutro","Raiva","Raiva","Raiva","Surpresa","Raiva","Neutro","Medo","Neutro","Raiva","Nojo","Neutro","Felicidade","Neutro","Surpresa","Raiva","Neutro","Surpresa"
"2025/06/02 2:12:06 PM GMT-3","Felicidade","Raiva","Neutro","Neutro","Felicidade","Raiva","Felicidade","Tristeza","Raiva","Raiva","Tristeza","Felicidade","Raiva","Nojo","Surpresa","Felicidade","Raiva","Felicidade","Raiva","Felicidade","Felicidade"
"2025/06/02 2:51:02 PM GMT-3","Felicidade","Raiva","Neutro","Raiva","Nojo","Nojo","Surpresa","Surpresa","Raiva","Neutro","Neutro","Neutro","Tristeza","Nojo","Neutro","Felicidade","Medo","Felicidade","Tristeza","Felicidade","Surpresa"
"2025/06/02 4:12:25 PM GMT-3","Felicidade","Nojo","Surpresa","Medo","Surpresa","Surpresa","Neutro","Neutro","Raiva","Tristeza","Raiva","Felicidade","Nojo","Raiva","Felicidade","Felicidade","Nojo","Surpresa","Raiva","Felicidade","Felicidade"
"2025/06/02 5:21:53 PM GMT-3","Felicidade","Raiva","Neutro","Felicidade","Tristeza","Raiva","Raiva","Surpresa","Neutro","Felicidade","Medo","Neutro","Surpresa","Nojo","Neutro","Surpresa","Neutro","Felicidade","Raiva","Felicidade","Felicidade"
"2025/06/02 5:49:17 PM GMT-3","Felicidade","Surpresa","Felicidade","Raiva","Raiva","Raiva","Raiva","Surpresa","Raiva","Surpresa","Medo","Felicidade","Raiva","Nojo","Tristeza","Surpresa","Medo","Surpresa","Raiva","Neutro","Surpresa"
"2025/06/02 5:57:17 PM GMT-3","Felicidade","Nojo","Neutro","Neutro","Nojo","Raiva","Raiva","Surpresa","","Neutro","Medo","Felicidade","Raiva","Raiva","","Neutro","Neutro","Felicidade","Raiva","Felicidade","Felicidade"
"2025/06/02 7:02:23 PM GMT-3","Neutro","Raiva","Neutro","Neutro","Neutro","Neutro","Neutro","Neutro","Felicidade","Neutro","Neutro","Neutro","Neutro","Neutro","Neutro","Neutro","Surpresa","Neutro","Surpresa","Neutro","Neutro"
"2025/06/02 7:34:44 PM GMT-3","Neutro","Neutro","Surpresa","Felicidade","Nojo","Surpresa","Raiva","Felicidade","Neutro","Surpresa","Tristeza","Raiva","Raiva","Raiva","Tristeza","Felicidade","Felicidade","Felicidade","Raiva","Felicidade","Felicidade"
"2025/06/02 8:22:20 PM GMT-3","Neutro","Surpresa","Surpresa","Nojo","Raiva","Neutro","Raiva","Neutro","Felicidade","Neutro","Surpresa","Neutro","Neutro","Nojo","Nojo","Neutro","Felicidade","Felicidade","Neutro","Felicidade","Felicidade"
"2025/06/02 11:54:16 PM GMT-3","Felicidade","Raiva","Surpresa","Neutro","Tristeza","Surpresa","Nojo","Medo","Nojo","Surpresa","Medo","Felicidade","Nojo","Nojo","Tristeza","Felicidade","Raiva","Felicidade","Nojo","Neutro","Felicidade"
"2025/06/03 11:07:52 AM GMT-3","Felicidade","Surpresa","Surpresa","Neutro","Nojo","Raiva","Raiva","Surpresa","Neutro","Surpresa","Medo","Felicidade","Raiva","Nojo","Neutro","Surpresa","Neutro","Felicidade","Nojo","Felicidade","Surpresa"
"2025/06/03 11:16:33 AM GMT-3","Felicidade","Nojo","Surpresa","Nojo","Nojo","Raiva","Raiva","Medo","Raiva","Raiva","Neutro","Neutro","Raiva","Raiva","Neutro","Surpresa","Neutro","Felicidade","Raiva","Nojo","Surpresa"
"2025/06/03 5:59:49 PM GMT-3","Felicidade","Raiva","Neutro","Neutro","Tristeza","Raiva","Raiva","Surpresa","Neutro","Surpresa","","Neutro","Raiva","Nojo","Neutro","Felicidade","Neutro","Felicidade","Raiva","Neutro","Felicidade"
"2025/06/05 1:00:01 PM GMT-3","Felicidade","Raiva","Neutro","Neutro","Tristeza","Raiva","Nojo","Surpresa","Raiva","Neutro","Tristeza","Felicidade","Raiva","Raiva","Raiva","Nojo","Neutro","Felicidade","Raiva","Felicidade","Nojo"
"2025/06/08 4:44:45 PM GMT-3","Felicidade","Raiva","Surpresa","Neutro","Nojo","Tristeza","Raiva","","Neutro","Neutro","Medo","Felicidade","Raiva","Nojo","Tristeza","Surpresa","Tristeza","Felicidade","Raiva","Neutro","Surpresa"